{
  "terran": {
    "pro": {
      "games": 198,
      "economy": 761087.7410197712,
      "army": 928764.6745451594,
      "infra": 536114.5957962876
    },
    "gold": {
      "games": 402,
      "economy": 1969862.4120450292,
      "army": 1020780.3796116041,
      "infra": 1181626.1432984406
    },
    "master": {
      "games": 394,
      "economy": 1633586.444871626,
      "army": 1305888.7339096651,
      "infra": 1020156.6883338041
    },
    "silver": {
      "games": 444,
      "economy": 2468507.1236190344,
      "army": 1247334.3919067974,
      "infra": 1435367.0659072932
    },
    "bronze": {
      "games": 472,
      "economy": 2101652.9620362525,
      "army": 808547.6522934281,
      "infra": 1379394.213153772
    },
    "platinum": {
      "games": 292,
      "economy": 970937.8842752213,
      "army": 589089.7339917814,
      "infra": 566018.3833949096
    },
    "diamond": {
      "games": 197,
      "economy": 898973.398978894,
      "army": 595635.2504111865,
      "infra": 545862.4835413839
    },
    "grandmaster": {
      "games": 80,
      "economy": 395584.27498559596,
      "army": 412095.0188581638,
      "infra": 259356.53152866111
    }
  },
  "zerg": {
    "pro": {
      "games": 263,
      "economy": 796536.0802942388,
      "army": 827997.1909151949,
      "infra": 329013.73112636356,
      "creep": 26172.668548655478,
      "queen": 259858.70704577817
    },
    "gold": {
      "games": 127,
      "economy": 489627.2211516672,
      "army": 294326.23614121723,
      "infra": 188650.8374352538,
      "creep": 51693.324280841916,
      "queen": 162832.41025889516
    },
    "master": {
      "games": 163,
      "economy": 597671.0822814895,
      "army": 451696.19179368485,
      "infra": 222718.35384129905,
      "creep": 53110.924197085915,
      "queen": 208823.41235167504
    },
    "silver": {
      "games": 183,
      "economy": 806907.4128569982,
      "army": 367509.0744295629,
      "infra": 244352.7192867209,
      "queen": 245006.09035742676,
      "creep": 80716.33569765587
    },
    "bronze": {
      "games": 153,
      "economy": 456877.6352143696,
      "army": 170973.1194685851,
      "infra": 125340.57514273081,
      "creep": 38656.85010248134,
      "queen": 148613.19609062342
    },
    "diamond": {
      "games": 85,
      "economy": 292269.83005783806,
      "army": 287096.53842779936,
      "infra": 145787.8559424539,
      "creep": 34492.895217946636,
      "queen": 109774.91568749552
    },
    "grandmaster": {
      "games": 38,
      "economy": 128281.3954421647,
      "army": 199968.70636181041,
      "infra": 88298.14433640367,
      "creep": 18656.375958862885,
      "queen": 73318.28339873282
    },
    "platinum": {
      "games": 87,
      "economy": 185123.437170078,
      "army": 138715.9237841039,
      "infra": 92334.46258514516,
      "creep": 28132.7070826964,
      "queen": 67165.33339909454
    }
  },
  "protoss": {
    "pro": {
      "games": 425,
      "economy": 1489614.3440542354,
      "army": 1643734.8054413898,
      "infra": 629698.5764623239
    },
    "silver": {
      "games": 123,
      "economy": 727546.5927661114,
      "army": 326824.5601245515,
      "infra": 349452.0339716253
    },
    "bronze": {
      "games": 125,
      "economy": 452792.8620648031,
      "army": 170658.03163284116,
      "infra": 259811.05926177662
    },
    "platinum": {
      "games": 143,
      "economy": 625684.0319117119,
      "army": 334784.4048343463,
      "infra": 237412.7229770091
    },
    "diamond": {
      "games": 64,
      "economy": 258306.95427154333,
      "army": 144775.97407081746,
      "infra": 115872.99127987753
    },
    "gold": {
      "games": 187,
      "economy": 934251.6856554362,
      "army": 406975.6372679569,
      "infra": 390867.49461339513
    },
    "master": {
      "games": 141,
      "economy": 637811.5444297495,
      "army": 454844.1888650974,
      "infra": 258396.55318168097
    },
    "grandmaster": {
      "games": 24,
      "economy": 117472.8621673707,
      "army": 100610.11081040475,
      "infra": 50011.38131570254
    }
  }
}