{
  "terran": {
    "platinum": {
      "games": 735,
      "economy": 2072446.9954723944,
      "army": 897510.6401613876,
      "infra": 1125174.7799437013
    },
    "master": {
      "games": 841,
      "economy": 2923996.595838688,
      "army": 1715124.0831846711,
      "infra": 1620515.3145961585
    },
    "bronze": {
      "games": 1003,
      "economy": 3562726.662979716,
      "army": 899710.0893851727,
      "infra": 2149762.9282849203
    },
    "gold": {
      "games": 869,
      "economy": 3485070.2877729004,
      "army": 1141383.2530689358,
      "infra": 1844380.6954254347
    },
    "pro": {
      "games": 468,
      "economy": 1493399.9117410881,
      "army": 1291927.0874627596,
      "infra": 920005.335281726
    },
    "diamond": {
      "games": 632,
      "economy": 2133063.625229529,
      "army": 1022189.4104076044,
      "infra": 1126721.245304099
    },
    "silver": {
      "games": 934,
      "economy": 3719735.031384762,
      "army": 1192249.4955116196,
      "infra": 1936812.5142189942
    },
    "grandmaster": {
      "games": 96,
      "economy": 334345.6768963031,
      "army": 243728.98955179544,
      "infra": 187743.1092044489
    }
  },
  "zerg": {
    "master": {
      "games": 281,
      "economy": 809980.2831855394,
      "army": 396210.7131333433,
      "infra": 233003.38266774907,
      "creep": 66497.63818941805,
      "queen": 278017.20228465524
    },
    "platinum": {
      "games": 247,
      "economy": 541562.3095603352,
      "army": 238993.0329869803,
      "infra": 197972.3462734438,
      "creep": 58208.73960979636,
      "queen": 188688.30513227903
    },
    "gold": {
      "games": 304,
      "economy": 932234.5480451854,
      "army": 289427.00946671644,
      "infra": 280157.8512007684,
      "creep": 69519.25628446508,
      "queen": 295008.17025651335
    },
    "pro": {
      "games": 559,
      "economy": 1473206.0693773015,
      "army": 1117155.4559468236,
      "infra": 501990.6676910095,
      "creep": 43826.33702762952,
      "queen": 480471.4974907041
    },
    "bronze": {
      "games": 263,
      "economy": 648897.101361988,
      "army": 164534.06243805448,
      "infra": 157877.42321094268,
      "creep": 36564.007411046536,
      "queen": 196860.24478364098
    },
    "diamond": {
      "games": 177,
      "economy": 456926.8720358688,
      "army": 237874.9610970913,
      "infra": 142197.40226068723,
      "creep": 41607.10178326401,
      "queen": 157589.48098176878
    },
    "silver": {
      "games": 337,
      "economy": 1040569.8317721254,
      "army": 264934.508162961,
      "infra": 262742.2584096282,
      "creep": 72673.57912277919,
      "queen": 314688.0676464308
    },
    "grandmaster": {
      "games": 40,
      "economy": 104419.2514633501,
      "army": 68731.83932982001,
      "infra": 54618.586236015915,
      "creep": 11968.05673395473,
      "queen": 55781.140880420906
    }
  },
  "protoss": {
    "platinum": {
      "games": 336,
      "economy": 1181705.8066855792,
      "army": 379933.8247071559,
      "infra": 350542.91575019556
    },
    "bronze": {
      "games": 262,
      "economy": 870685.8888454342,
      "army": 212043.68228094236,
      "infra": 419448.6805238458
    },
    "pro": {
      "games": 665,
      "economy": 2193543.1705988115,
      "army": 1890309.3012858701,
      "infra": 823701.5548301494
    },
    "master": {
      "games": 370,
      "economy": 1424471.0270529734,
      "army": 775730.5093669931,
      "infra": 430476.1466576531
    },
    "gold": {
      "games": 333,
      "economy": 1484726.8594842611,
      "army": 411077.4170306916,
      "infra": 465208.05302508484
    },
    "diamond": {
      "games": 333,
      "economy": 1186401.40626226,
      "army": 499967.88172164245,
      "infra": 457949.02031112637
    },
    "silver": {
      "games": 277,
      "economy": 1233126.3073319825,
      "army": 301762.50803854584,
      "infra": 450338.53330065316
    },
    "grandmaster": {
      "games": 26,
      "economy": 100145.43646384338,
      "army": 53173.425417764396,
      "infra": 30765.317043675524
    }
  }
}