{
  "terran": {
    "diamond": {
      "games": 632,
      "economy": 2407011.7653483185,
      "army": 1414733.9308472353,
      "infra": 1365428.7726546018
    },
    "master": {
      "games": 841,
      "economy": 3262693.3048172565,
      "army": 2367221.6264503547,
      "infra": 1934657.4783019684
    },
    "pro": {
      "games": 468,
      "economy": 1670700.5635199633,
      "army": 1780385.8329852056,
      "infra": 1141287.9218638889
    },
    "gold": {
      "games": 869,
      "economy": 4156222.5633534086,
      "army": 1778688.7090319328,
      "infra": 2397957.511239933
    },
    "bronze": {
      "games": 1003,
      "economy": 4212522.491059188,
      "army": 1405987.4550919582,
      "infra": 2752350.860352541
    },
    "platinum": {
      "games": 735,
      "economy": 2332862.863871849,
      "army": 1282366.7228697145,
      "infra": 1365971.7075611097
    },
    "silver": {
      "games": 934,
      "economy": 4419327.860066372,
      "army": 1883347.1604727884,
      "infra": 2531771.5685646334
    },
    "grandmaster": {
      "games": 96,
      "economy": 393608.6017853532,
      "army": 361935.2446736539,
      "infra": 243559.22894606073
    }
  },
  "zerg": {
    "diamond": {
      "games": 177,
      "economy": 522726.000782299,
      "army": 395580.2938928666,
      "infra": 204600.70913854532,
      "creep": 58661.79214062031,
      "queen": 191266.3820887632
    },
    "bronze": {
      "games": 263,
      "economy": 750194.530368042,
      "army": 246949.2493892769,
      "infra": 202014.98646620667,
      "queen": 248417.0224096018,
      "creep": 57550.15770131858
    },
    "gold": {
      "games": 304,
      "economy": 1117403.4100702738,
      "army": 505378.69453515264,
      "infra": 390280.46999025886,
      "creep": 106356.69874778163,
      "queen": 374550.01265221584
    },
    "master": {
      "games": 281,
      "economy": 924486.7106288467,
      "army": 634040.7572099466,
      "infra": 309020.12007995584,
      "creep": 82720.9274894787,
      "queen": 326101.9102272072
    },
    "platinum": {
      "games": 247,
      "economy": 626769.7917007273,
      "army": 395142.0340101659,
      "infra": 274022.3679872167,
      "creep": 86240.74387180834,
      "queen": 237351.00945980215
    },
    "pro": {
      "games": 559,
      "economy": 1601914.612862273,
      "army": 1562208.3266319514,
      "infra": 630540.465780001,
      "creep": 52150.8676169009,
      "queen": 535679.9234668843
    },
    "silver": {
      "games": 337,
      "economy": 1270867.5765696955,
      "army": 469382.8070572256,
      "infra": 384134.09917253995,
      "creep": 111148.31735267653,
      "queen": 411282.68143868545
    },
    "grandmaster": {
      "games": 40,
      "economy": 122318.81922467273,
      "army": 136740.9638314728,
      "infra": 68870.0135256861,
      "creep": 16652.029946349798,
      "queen": 70804.18721404618
    }
  },
  "protoss": {
    "master": {
      "games": 370,
      "economy": 1542204.2976210162,
      "army": 1029242.4683206242,
      "infra": 534763.217972449
    },
    "pro": {
      "games": 665,
      "economy": 2324460.9091222254,
      "army": 2418215.428565478,
      "infra": 971235.9043282948
    },
    "diamond": {
      "games": 333,
      "economy": 1272347.6400449928,
      "army": 653151.0322596784,
      "infra": 559762.3680715067
    },
    "platinum": {
      "games": 336,
      "economy": 1297766.7027807378,
      "army": 547351.9926763105,
      "infra": 439926.1546025336
    },
    "silver": {
      "games": 277,
      "economy": 1423399.5121499368,
      "army": 470471.2700579458,
      "infra": 622169.8997777264
    },
    "gold": {
      "games": 333,
      "economy": 1693778.9581629625,
      "army": 628371.3500893714,
      "infra": 651151.0383610888
    },
    "grandmaster": {
      "games": 26,
      "economy": 111786.94956788242,
      "army": 73737.23714634395,
      "infra": 40733.853247938285
    },
    "bronze": {
      "games": 262,
      "economy": 980209.1409648868,
      "army": 320374.2880850955,
      "infra": 557820.036716496
    }
  }
}