{
  "zerg": {
    "gold": {
      "games": 127,
      "economy": 438101.4370870816,
      "army": 215766.1732008479,
      "infra": 155103.89748589817,
      "creep": 43474.697954479925,
      "queen": 149425.20948091484
    },
    "pro": {
      "games": 263,
      "economy": 769949.6696869973,
      "army": 737986.1193101552,
      "infra": 303671.24343503476,
      "queen": 254908.7234252408,
      "creep": 25298.287499755308
    },
    "platinum": {
      "games": 87,
      "economy": 171769.03423133667,
      "army": 107484.6558231742,
      "infra": 77146.67655719318,
      "creep": 24794.39150769616,
      "queen": 61872.84341918549
    },
    "bronze": {
      "games": 153,
      "economy": 417711.2289456561,
      "army": 132718.3473581925,
      "infra": 107886.55816416504,
      "queen": 132913.89032867807,
      "creep": 32905.48495308897
    },
    "diamond": {
      "games": 85,
      "economy": 265530.2264519109,
      "army": 218129.7685762702,
      "infra": 114311.9353922544,
      "creep": 29743.402717084417,
      "queen": 102219.67572119884
    },
    "master": {
      "games": 163,
      "economy": 554534.8567787644,
      "army": 355192.4629641337,
      "infra": 188337.37700747984,
      "creep": 50050.23146377698,
      "queen": 199476.77160487763
    },
    "silver": {
      "games": 183,
      "economy": 699121.4316752272,
      "army": 261835.60616671157,
      "infra": 206158.0093848627,
      "creep": 64274.220436905955,
      "queen": 220902.80251782385
    },
    "grandmaster": {
      "games": 38,
      "economy": 115156.92012159579,
      "army": 131427.5749012064,
      "infra": 65686.2885645618,
      "creep": 16450.190153347714,
      "queen": 68160.56948770896
    }
  },
  "terran": {
    "gold": {
      "games": 402,
      "economy": 1798447.8266875118,
      "army": 820612.4397930129,
      "infra": 1037225.5793420749
    },
    "pro": {
      "games": 198,
      "economy": 715139.6039036219,
      "army": 796973.1566529361,
      "infra": 483672.9801623624
    },
    "platinum": {
      "games": 292,
      "economy": 906553.8170008084,
      "army": 488346.91130529105,
      "infra": 519590.2419211853
    },
    "bronze": {
      "games": 472,
      "economy": 1869654.1628473585,
      "army": 572199.6666769246,
      "infra": 1147319.5625709489
    },
    "diamond": {
      "games": 197,
      "economy": 820937.0252108441,
      "army": 488870.1336135342,
      "infra": 478013.39646842144
    },
    "master": {
      "games": 394,
      "economy": 1550795.7679630544,
      "army": 1129929.586606658,
      "infra": 946371.7752999746
    },
    "silver": {
      "games": 444,
      "economy": 2174107.2781756935,
      "army": 954525.9095730167,
      "infra": 1224176.518095835
    },
    "grandmaster": {
      "games": 80,
      "economy": 335332.0786289582,
      "army": 305372.79287631536,
      "infra": 207235.31290530483
    }
  },
  "protoss": {
    "pro": {
      "games": 425,
      "economy": 1466450.0761018675,
      "army": 1538998.557292744,
      "infra": 602893.2948332236
    },
    "bronze": {
      "games": 125,
      "economy": 416412.32138690905,
      "army": 135242.67771208435,
      "infra": 223488.99382027044
    },
    "gold": {
      "games": 187,
      "economy": 895281.8830733796,
      "infra": 333409.35557337233,
      "army": 328994.1691534672
    },
    "platinum": {
      "games": 143,
      "economy": 589881.5543555438,
      "infra": 203597.32370774492,
      "army": 246654.5180907559
    },
    "silver": {
      "games": 123,
      "economy": 655343.2109243027,
      "army": 236328.34301749888,
      "infra": 281660.42181494506
    },
    "master": {
      "games": 141,
      "economy": 613832.4299304116,
      "army": 402199.9901480604,
      "infra": 234496.89823731064
    },
    "diamond": {
      "games": 64,
      "economy": 251644.91892502538,
      "army": 134783.18096429086,
      "infra": 107396.6795545991
    },
    "grandmaster": {
      "games": 24,
      "economy": 103775.61433085879,
      "army": 70229.02234802011,
      "infra": 39437.1808591123
    }
  }
}