{
  "terran": {
    "bronze": {
      "games": 472,
      "economy": 1601254.495433351,
      "army": 365214.06774590345,
      "infra": 905695.7011189592
    },
    "grandmaster": {
      "games": 80,
      "economy": 280565.13914157415,
      "army": 200304.20896623377,
      "infra": 156139.4198908758
    },
    "gold": {
      "games": 402,
      "economy": 1544234.2188899552,
      "army": 548151.0770492273,
      "infra": 821356.6509836114
    },
    "silver": {
      "games": 444,
      "economy": 1797603.635361087,
      "army": 592092.7660852702,
      "infra": 916457.378903649
    },
    "pro": {
      "games": 198,
      "economy": 638718.0900346021,
      "army": 579142.4135679937,
      "infra": 388380.19524323684
    },
    "platinum": {
      "games": 292,
      "economy": 804157.2196830746,
      "army": 333477.00859590864,
      "infra": 422826.7984460711
    },
    "master": {
      "games": 394,
      "economy": 1372764.2481861361,
      "army": 800958.7795024768,
      "infra": 783024.4393577082
    },
    "diamond": {
      "games": 197,
      "economy": 700293.3982857404,
      "army": 332066.9910313837,
      "infra": 377094.59052144334
    }
  },
  "protoss": {
    "bronze": {
      "games": 125,
      "economy": 373720.06293488975,
      "army": 90031.56631083114,
      "infra": 172224.81031365207
    },
    "pro": {
      "games": 425,
      "economy": 1393051.1475532444,
      "army": 1224558.405632995,
      "infra": 516219.4117692054
    },
    "gold": {
      "games": 187,
      "economy": 799953.4412538751,
      "army": 221664.99169595877,
      "infra": 241315.21953031557
    },
    "platinum": {
      "games": 143,
      "economy": 538479.2549821627,
      "army": 168015.75698148023,
      "infra": 160589.1217917916
    },
    "silver": {
      "games": 123,
      "economy": 563949.2222988303,
      "infra": 196995.0045543204,
      "army": 145259.9045972648
    },
    "master": {
      "games": 141,
      "economy": 560413.3587281336,
      "army": 292384.4068205954,
      "infra": 184007.73926133406
    },
    "diamond": {
      "games": 64,
      "economy": 235453.89315812584,
      "army": 104141.08675643968,
      "infra": 88319.197630693
    },
    "grandmaster": {
      "games": 24,
      "economy": 92134.10122681975,
      "army": 49665.21061944058,
      "infra": 29468.64465484954
    }
  },
  "zerg": {
    "grandmaster": {
      "games": 38,
      "economy": 97858.30370444164,
      "army": 64662.76357226006,
      "infra": 52469.117281686515,
      "creep": 11832.78581798675,
      "queen": 53923.64486777067
    },
    "silver": {
      "games": 183,
      "economy": 564549.4728031574,
      "army": 138627.65835527465,
      "infra": 141433.0055957482,
      "queen": 166618.10656599302,
      "creep": 40338.974235521964
    },
    "bronze": {
      "games": 153,
      "economy": 364232.14004295284,
      "army": 93858.62357500753,
      "infra": 84163.63498415127,
      "creep": 20291.55658156798,
      "queen": 107209.72051222964
    },
    "pro": {
      "games": 263,
      "economy": 704207.350284304,
      "army": 530548.8692529897,
      "infra": 245942.76689707796,
      "creep": 21068.050148655377,
      "queen": 228692.19079058603
    },
    "master": {
      "games": 163,
      "economy": 481726.90350830846,
      "army": 217502.68122870097,
      "infra": 138943.23799444697,
      "creep": 40624.039020304655,
      "queen": 170892.58897204045
    },
    "platinum": {
      "games": 87,
      "economy": 149751.46769626497,
      "army": 62027.504127481494,
      "infra": 52752.75276565435,
      "creep": 17702.80180172262,
      "queen": 49503.37969059628
    },
    "diamond": {
      "games": 85,
      "economy": 225397.88832546287,
      "army": 125231.98784872504,
      "infra": 70264.07406290583,
      "creep": 20785.274647770046,
      "queen": 81463.91553566471
    },
    "gold": {
      "games": 127,
      "economy": 371697.3332408435,
      "army": 129594.91020174958,
      "infra": 115570.22334577973,
      "creep": 29826.31494796785,
      "queen": 123363.28796311466
    }
  }
}