{
  "terran": {
    "silver": {
      "games": 934,
      "economy": 4930045.361646319,
      "army": 2448634.3982827957,
      "infra": 2925708.7653678553
    },
    "platinum": {
      "games": 735,
      "economy": 2450614.2135188547,
      "army": 1471017.4523552123,
      "infra": 1459315.8089979328
    },
    "pro": {
      "games": 468,
      "economy": 1772685.0337206286,
      "army": 2075389.2439115252,
      "infra": 1265467.5208501716
    },
    "bronze": {
      "games": 1003,
      "economy": 4820162.880878187,
      "army": 2000982.0504458696,
      "infra": 3307217.768938278
    },
    "gold": {
      "games": 869,
      "economy": 4615854.231125386,
      "army": 2314689.2031469187,
      "infra": 2776328.21350033
    },
    "diamond": {
      "games": 632,
      "economy": 2574762.273644706,
      "army": 1663537.0517506322,
      "infra": 1516181.441828529
    },
    "master": {
      "games": 841,
      "economy": 3413323.9005695893,
      "army": 2678115.5035028937,
      "infra": 2071712.0692519087
    },
    "grandmaster": {
      "games": 96,
      "economy": 455271.8076782921,
      "army": 473585.839536293,
      "infra": 296647.69813528424
    }
  },
  "protoss": {
    "platinum": {
      "games": 336,
      "economy": 1345689.5373540788,
      "army": 652222.041375355,
      "infra": 484357.21799469896
    },
    "pro": {
      "games": 665,
      "economy": 2364222.972124504,
      "army": 2610698.552611075,
      "infra": 1022132.7687332628
    },
    "diamond": {
      "games": 333,
      "economy": 1297278.4916646397,
      "army": 717073.2111503037,
      "infra": 592655.6543337372
    },
    "gold": {
      "games": 333,
      "economy": 1795168.2013353384,
      "army": 772695.6070729599,
      "infra": 758227.1117035443
    },
    "master": {
      "games": 370,
      "economy": 1594918.9102981389,
      "army": 1154027.3819828243,
      "infra": 583003.8649182379
    },
    "bronze": {
      "games": 262,
      "economy": 1084639.8124563913,
      "army": 425808.2782421162,
      "infra": 664121.1577646098
    },
    "grandmaster": {
      "games": 26,
      "economy": 125484.19740439433,
      "army": 104118.3256087286,
      "infra": 51308.05370452853
    },
    "silver": {
      "games": 277,
      "economy": 1548368.494582973,
      "army": 608196.7100984557,
      "infra": 740256.7739263634
    }
  },
  "zerg": {
    "bronze": {
      "games": 263,
      "economy": 822348.6289412458,
      "army": 327365.4641583181,
      "infra": 230413.25991557285,
      "queen": 277108.3732714945,
      "creep": 73430.50239510021
    },
    "gold": {
      "games": 304,
      "economy": 1240409.8522475853,
      "army": 682724.5197694155,
      "infra": 456654.30487164686,
      "creep": 125474.3414749182,
      "queen": 414412.4847211028
    },
    "platinum": {
      "games": 247,
      "economy": 669343.0311066529,
      "army": 510071.26301539247,
      "infra": 316734.42213827657,
      "creep": 97052.06628789,
      "queen": 257094.77599503606
    },
    "pro": {
      "games": 559,
      "economy": 1664470.5114838565,
      "army": 1782717.7299389036,
      "infra": 717121.4420466853,
      "creep": 56664.36922971194,
      "queen": 552631.7367235712
    },
    "diamond": {
      "games": 177,
      "economy": 572432.4574597648,
      "army": 522636.9436544198,
      "infra": 251297.29146319037,
      "creep": 69088.58434228059,
      "queen": 206842.19051407248
    },
    "master": {
      "games": 281,
      "economy": 984225.3428481385,
      "army": 781310.0723970514,
      "infra": 360338.5594321815,
      "creep": 88566.47850072745,
      "queen": 340762.4408412481
    },
    "silver": {
      "games": 337,
      "economy": 1461330.2666604957,
      "army": 649606.1882581069,
      "infra": 463941.33493704966,
      "creep": 148464.2011620484,
      "queen": 464331.55487762013
    },
    "grandmaster": {
      "games": 40,
      "economy": 135443.29454524166,
      "army": 205282.09529207685,
      "infra": 91481.86929752798,
      "creep": 18858.21575186497,
      "queen": 75961.90112507006
    }
  }
}